Table,Column,Transformer
auth_user,username,generate-rand-string.js
auth_user,first_name,first-name.js
auth_user,last_name,first-name.js
auth_user,email,hash-emails.js
classified_agentcontentscore,agent_name,generate-business-name.js
classified_cashitformeinquiry,phone_number,unique-phone.js
classified_classified_aa,email,hash-emails.js
classified_classified_aa, phone_number,unique-phone.js
classified_classified_au,email,hash-emails.js
classified_classified_au, phone_number,unique-phone.js
classified_classified_bi,email,hash-emails.js
classified_classified_bi,phone_number,unique-phone.js
classified_classified_bk,email,hash-emails.js
classified_classified_bk,phone_number,unique-phone.js
classified_classified_bo,email,hash-emails.js
classified_classified_bo,phone_number,unique-phone.js
classified_classified_bu,email,hash-emails.js
classified_classified_bu,phone_number,unique-phone.js
classified_classified_ca,email,hash-emails.js
classified_classified_ca,phone_number,unique-phone.js
classified_classified_cl,email,hash-emails.js
classified_classified_cl,phone_number,unique-phone.js
classified_classified_cm,email,hash-emails.js
classified_classified_cm,phone_number,unique-phone.js
classified_classified_co,email,hash-emails.js
classified_classified_co,phone_number,unique-phone.js
classified_classified_dv,email,hash-emails.js
classified_classified_dv,phone_number,unique-phone.js
classified_classified_el,email,hash-emails.js
classified_classified_el,phone_number,unique-phone.js
classified_classified_fs,email,hash-emails.js
classified_classified_fs,phone_number,unique-phone.js
classified_classified_fu,email,hash-emails.js
classified_classified_fu,phone_number,unique-phone.js
classified_classified_ga,email,hash-emails.js
classified_classified_ga,phone_number,unique-phone.js
classified_classified_ha,email,hash-emails.js
classified_classified_ha,phone_number,unique-phone.js
classified_classified_hv,email,hash-emails.js
classified_classified_hv,phone_number,unique-phone.js
classified_classified_je,email,hash-emails.js
classified_classified_je,phone_number,unique-phone.js
classified_classified_lf,email,hash-emails.js
classified_classified_lf,phone_number,unique-phone.js
classified_classified_mb,email,hash-emails.js
classified_classified_mb,phone_number,unique-phone.js
classified_classified_mo,email,hash-emails.js
classified_classified_mo,phone_number,unique-phone.js
classified_classified_mu,email,hash-emails.js
classified_classified_mu,phone_number,unique-phone.js
classified_classified_mz,email,hash-emails.js
classified_classified_mz,phone_number,unique-phone.js
classified_classified_np,email,hash-emails.js
classified_classified_np,phone_number,unique-phone.js
classified_classified_pe,email,hash-emails.js
classified_classified_pe,phone_number,unique-phone.js
classified_classified_rl,email,hash-emails.js
classified_classified_rl,phone_number,unique-phone.js
classified_classified_sp,email,hash-emails.js
classified_classified_sp,phone_number,unique-phone.js
classified_classified_st,email,hash-emails.js
classified_classified_st,phone_number,unique-phone.js
classified_classified_ti,email,hash-emails.js
classified_classified_ti,phone_number,unique-phone.js
classified_classified_to,email,hash-emails.js
classified_classified_to,phone_number,unique-phone.js
classified_community_as,email,hash-emails.js
classified_community_as,phone_number,unique-phone.js
classified_community_cb,email,hash-emails.js
classified_community_cb,phone_number,unique-phone.js
classified_community_ch,email,hash-emails.js
classified_community_ch,phone_number,unique-phone.js
classified_community_cl,email,hash-emails.js
classified_community_cl,phone_number,unique-phone.js
classified_community_cs,email,hash-emails.js
classified_community_cs,phone_number,unique-phone.js
classified_community_cy,email,hash-emails.js
classified_community_cy,phone_number,unique-phone.js
classified_community_dm,email,hash-emails.js
classified_community_dm,phone_number,unique-phone.js
classified_community_ed,email,hash-emails.js
classified_community_ed,phone_number,unique-phone.js
classified_community_ee,email,hash-emails.js
classified_community_ee,phone_number,unique-phone.js
classified_community_fr,email,hash-emails.js
classified_community_fr,phone_number,unique-phone.js
classified_community_hm,email,hash-emails.js
classified_community_hm,phone_number,unique-phone.js
classified_community_hs,email,hash-emails.js
classified_community_hs,phone_number,unique-phone.js
classified_community_mr,email,hash-emails.js
classified_community_mr,phone_number,unique-phone.js
classified_community_mu,email,hash-emails.js
classified_community_mu,phone_number,unique-phone.js
classified_community_ne,email,hash-emails.js
classified_community_ne,phone_number,unique-phone.js
classified_community_os,email,hash-emails.js
classified_community_os,phone_number,unique-phone.js
classified_community_ph,email,hash-emails.js
classified_community_ph,phone_number,unique-phone.js
classified_community_rr,email,hash-emails.js
classified_community_rr,phone_number,unique-phone.js
classified_community_sp,email,hash-emails.js
classified_community_sp,phone_number,unique-phone.js
classified_community_sv,email,hash-emails.js
classified_community_sv,phone_number,unique-phone.js
classified_community_tc,email,hash-emails.js
classified_community_tc,phone_number,unique-phone.js
classified_community_wc,email,hash-emails.js
classified_community_wc,phone_number,unique-phone.js
classified_draftclassified_aa,email,hash-emails.js
classified_draftclassified_aa,phone_number,unique-phone.js
classified_draftclassified_au,email,hash-emails.js
classified_draftclassified_au,phone_number,unique-phone.js
classified_draftclassified_bi,email,hash-emails.js
classified_draftclassified_bi,phone_number,unique-phone.js
classified_draftclassified_bk,email,hash-emails.js
classified_draftclassified_bk,phone_number,unique-phone.js
classified_draftclassified_bo,email,hash-emails.js
classified_draftclassified_bo,phone_number,unique-phone.js
classified_draftclassified_bu,email,hash-emails.js
classified_draftclassified_bu,phone_number,unique-phone.js
classified_draftclassified_ca,email,hash-emails.js
classified_draftclassified_ca,phone_number,unique-phone.js
classified_draftclassified_cl,email,hash-emails.js
classified_draftclassified_cl,phone_number,unique-phone.js
classified_draftclassified_cm,email,hash-emails.js
classified_draftclassified_cm,phone_number,unique-phone.js
classified_draftclassified_co,email,hash-emails.js
classified_draftclassified_co,phone_number,unique-phone.js
classified_draftclassified_dv,email,hash-emails.js
classified_draftclassified_dv,phone_number,unique-phone.js
classified_draftclassified_el,email,hash-emails.js
classified_draftclassified_el,phone_number,unique-phone.js
classified_draftclassified_fs,email,hash-emails.js
classified_draftclassified_fs,phone_number,unique-phone.js
classified_draftclassified_fu,email,hash-emails.js
classified_draftclassified_fu,phone_number,unique-phone.js
classified_draftclassified_ga,email,hash-emails.js
classified_draftclassified_ga,phone_number,unique-phone.js
classified_draftclassified_ha,email,hash-emails.js
classified_draftclassified_ha,phone_number,unique-phone.js
classified_draftclassified_hv,email,hash-emails.js
classified_draftclassified_hv,phone_number,unique-phone.js
classified_draftclassified_je,email,hash-emails.js
classified_draftclassified_je,phone_number,unique-phone.js
classified_draftclassified_lf,email,hash-emails.js
classified_draftclassified_lf,phone_number,unique-phone.js
classified_draftclassified_mb,email,hash-emails.js
classified_draftclassified_mb,phone_number,unique-phone.js
classified_draftclassified_mo,email,hash-emails.js
classified_draftclassified_mo,phone_number,unique-phone.js
classified_draftclassified_mu,email,hash-emails.js
classified_draftclassified_mu,phone_number,unique-phone.js
classified_draftclassified_mz,email,hash-emails.js
classified_draftclassified_mz,phone_number,unique-phone.js
classified_draftclassified_np,email,hash-emails.js
classified_draftclassified_np,phone_number,unique-phone.js
classified_draftclassified_pe,email,hash-emails.js
classified_draftclassified_pe,phone_number,unique-phone.js
classified_draftclassified_sp,email,hash-emails.js
classified_draftclassified_sp,phone_number,unique-phone.js
classified_draftclassified_st,email,hash-emails.js
classified_draftclassified_st,phone_number,unique-phone.js
classified_draftclassified_ti,email,hash-emails.js
classified_draftclassified_ti,phone_number,unique-phone.js
classified_draftclassified_to,email,hash-emails.js
classified_draftclassified_to,phone_number,unique-phone.js
classified_draftcommunity_ar,email,hash-emails.js
classified_draftcommunity_ar,phone_number,unique-phone.js
classified_draftcommunity_as,email,hash-emails.js
classified_draftcommunity_as,phone_number,unique-phone.js
classified_draftcommunity_cb,email,hash-emails.js
classified_draftcommunity_cb,phone_number,unique-phone.js
classified_draftcommunity_ch,email,hash-emails.js
classified_draftcommunity_ch,phone_number,unique-phone.js
classified_draftcommunity_cl,email,hash-emails.js
classified_draftcommunity_cl,phone_number,unique-phone.js
classified_draftcommunity_cs,email,hash-emails.js
classified_draftcommunity_cs,phone_number,unique-phone.js
classified_draftcommunity_cy,email,hash-emails.js
classified_draftcommunity_cy,phone_number,unique-phone.js
classified_draftcommunity_dm,email,hash-emails.js
classified_draftcommunity_dm,phone_number,unique-phone.js
classified_draftcommunity_ed,email,hash-emails.js
classified_draftcommunity_ed,phone_number,unique-phone.js
classified_draftcommunity_ee,email,hash-emails.js
classified_draftcommunity_ee,phone_number,unique-phone.js
classified_draftcommunity_fr,email,hash-emails.js
classified_draftcommunity_fr,phone_number,unique-phone.js
classified_draftcommunity_hm,email,hash-emails.js
classified_draftcommunity_hm,phone_number,unique-phone.js
classified_draftcommunity_hs,email,hash-emails.js
classified_draftcommunity_hs,phone_number,unique-phone.js
classified_draftcommunity_mr,email,hash-emails.js
classified_draftcommunity_mr,phone_number,unique-phone.js
classified_draftcommunity_mu,email,hash-emails.js
classified_draftcommunity_mu,phone_number,unique-phone.js
classified_draftcommunity_ne,email,hash-emails.js
classified_draftcommunity_ne,phone_number,unique-phone.js
classified_draftcommunity_os,email,hash-emails.js
classified_draftcommunity_os,phone_number,unique-phone.js
classified_draftcommunity_ph,email,hash-emails.js
classified_draftcommunity_ph,phone_number,unique-phone.js
classified_draftcommunity_rr,email,hash-emails.js
classified_draftcommunity_rr,phone_number,unique-phone.js
classified_draftcommunity_sp,email,hash-emails.js
classified_draftcommunity_sp,phone_number,unique-phone.js
classified_draftcommunity_sv,email,hash-emails.js
classified_draftcommunity_sv,phone_number,unique-phone.js
classified_draftcommunity_tc,email,hash-emails.js
classified_draftcommunity_tc,phone_number,unique-phone.js
classified_draftcommunity_wc,email,hash-emails.js
classified_draftcommunity_wc,phone_number,unique-phone.js
classified_draftjob_ac,email,hash-emails.js
classified_draftjob_ac,phone_number,unique-phone.js
classified_draftjob_ac,company_name,generate-business-name.js
classified_draftjob_at,email,hash-emails.js
classified_draftjob_at,phone_number,unique-phone.js
classified_draftjob_at,company_name,generate-business-name.js
classified_draftjob_be,email,hash-emails.js
classified_draftjob_be,phone_number,unique-phone.js
classified_draftjob_be,company_name,generate-business-name.js
classified_draftjob_ch,email,hash-emails.js
classified_draftjob_ch,phone_number,unique-phone.js
classified_draftjob_ch,company_name,generate-business-name.js
classified_draftjob_ck,email,hash-emails.js
classified_draftjob_ck,phone_number,unique-phone.js
classified_draftjob_ck,company_name,generate-business-name.js
classified_draftjob_co,email,hash-emails.js
classified_draftjob_co,phone_number,unique-phone.js
classified_draftjob_co,company_name,generate-business-name.js
classified_draftjob_cs,email,hash-emails.js
classified_draftjob_cs,phone_number,unique-phone.js
classified_draftjob_cs,company_name,generate-business-name.js
classified_draftjob_da,email,hash-emails.js
classified_draftjob_da,phone_number,unique-phone.js
classified_draftjob_da,company_name,generate-business-name.js
classified_draftjob_de,email,hash-emails.js
classified_draftjob_de,phone_number,unique-phone.js
classified_draftjob_de,company_name,generate-business-name.js
classified_draftjob_ed,email,hash-emails.js
classified_draftjob_ed,phone_number,unique-phone.js
classified_draftjob_ed,company_name,generate-business-name.js
classified_draftjob_en,email,hash-emails.js
classified_draftjob_en,phone_number,unique-phone.js
classified_draftjob_en,company_name,generate-business-name.js
classified_draftjob_eo,email,hash-emails.js
classified_draftjob_eo,phone_number,unique-phone.js
classified_draftjob_eo,company_name,generate-business-name.js
classified_draftjob_fb,email,hash-emails.js
classified_draftjob_fb,phone_number,unique-phone.js
classified_draftjob_fb,company_name,generate-business-name.js
classified_draftjob_hm,email,hash-emails.js
classified_draftjob_hm,phone_number,unique-phone.js
classified_draftjob_hm,company_name,generate-business-name.js
classified_draftjob_hr,email,hash-emails.js
classified_draftjob_hr,phone_number,unique-phone.js
classified_draftjob_hr,company_name,generate-business-name.js
classified_draftjob_im,email,hash-emails.js
classified_draftjob_im,phone_number,unique-phone.js
classified_draftjob_im,company_name,generate-business-name.js
classified_draftjob_it,email,hash-emails.js
classified_draftjob_it,phone_number,unique-phone.js
classified_draftjob_it,company_name,generate-business-name.js
classified_draftjob_ld,email,hash-emails.js
classified_draftjob_ld,phone_number,unique-phone.js
classified_draftjob_ld,company_name,generate-business-name.js
classified_draftjob_le,email,hash-emails.js
classified_draftjob_le,phone_number,unique-phone.js
classified_draftjob_le,company_name,generate-business-name.js
classified_draftjob_ma,email,hash-emails.js
classified_draftjob_ma,phone_number,unique-phone.js
classified_draftjob_ma,company_name,generate-business-name.js
classified_draftjob_mc,email,hash-emails.js
classified_draftjob_mc,phone_number,unique-phone.js
classified_draftjob_mc,company_name,generate-business-name.js
classified_draftjob_md,email,hash-emails.js
classified_draftjob_md,phone_number,unique-phone.js
classified_draftjob_md,company_name,generate-business-name.js
classified_draftjob_me,email,hash-emails.js
classified_draftjob_me,phone_number,unique-phone.js
classified_draftjob_me,company_name,generate-business-name.js
classified_draftjob_os,email,hash-emails.js
classified_draftjob_os,phone_number,unique-phone.js
classified_draftjob_os,company_name,generate-business-name.js
classified_draftjob_ra,email,hash-emails.js
classified_draftjob_ra,phone_number,unique-phone.js
classified_draftjob_ra,company_name,generate-business-name.js
classified_draftjob_sd,email,hash-emails.js
classified_draftjob_sd,phone_number,unique-phone.js
classified_draftjob_sd,company_name,generate-business-name.js
classified_draftjob_se,email,hash-emails.js
classified_draftjob_se,phone_number,unique-phone.js
classified_draftjob_se,company_name,generate-business-name.js
classified_draftjob_sf,email,hash-emails.js
classified_draftjob_sf,phone_number,unique-phone.js
classified_draftjob_sf,company_name,generate-business-name.js
classified_draftjob_ss,email,hash-emails.js
classified_draftjob_ss,phone_number,unique-phone.js
classified_draftjob_ss,company_name,generate-business-name.js
classified_draftjob_to,email,hash-emails.js
classified_draftjob_to,phone_number,unique-phone.js
classified_draftjob_to,company_name,generate-business-name.js
classified_draftjob_tr,email,hash-emails.js
classified_draftjob_tr,phone_number,unique-phone.js
classified_draftjob_tr,company_name,generate-business-name.js
classified_draftjobwanted_ac,email,hash-emails.js
classified_draftjobwanted_ac,phone_number,unique-phone.js
classified_draftjobwanted_ad,email,hash-emails.js
classified_draftjobwanted_ad,phone_number,unique-phone.js
classified_draftjobwanted_ar,email,hash-emails.js
classified_draftjobwanted_ar,phone_number,unique-phone.js
classified_draftjobwanted_au,email,hash-emails.js
classified_draftjobwanted_au,phone_number,unique-phone.js
classified_draftjobwanted_ba,email,hash-emails.js
classified_draftjobwanted_ba,phone_number,unique-phone.js
classified_draftjobwanted_bd,email,hash-emails.js
classified_draftjobwanted_bd,phone_number,unique-phone.js
classified_draftjobwanted_bg,email,hash-emails.js
classified_draftjobwanted_bg,phone_number,unique-phone.js
classified_draftjobwanted_ch,email,hash-emails.js
classified_draftjobwanted_ch,phone_number,unique-phone.js
classified_draftjobwanted_ck,email,hash-emails.js
classified_draftjobwanted_ck,phone_number,unique-phone.js
classified_draftjobwanted_co,email,hash-emails.js
classified_draftjobwanted_co,phone_number,unique-phone.js
classified_draftjobwanted_de,email,hash-emails.js
classified_draftjobwanted_de,phone_number,unique-phone.js
classified_draftjobwanted_dr,email,hash-emails.js
classified_draftjobwanted_dr,phone_number,unique-phone.js
classified_draftjobwanted_dy,email,hash-emails.js
classified_draftjobwanted_dy,phone_number,unique-phone.js
classified_draftjobwanted_ed,email,hash-emails.js
classified_draftjobwanted_ed,phone_number,unique-phone.js
classified_draftjobwanted_em,email,hash-emails.js
classified_draftjobwanted_em,phone_number,unique-phone.js
classified_draftjobwanted_en,email,hash-emails.js
classified_draftjobwanted_en,phone_number,unique-phone.js
classified_draftjobwanted_hm,email,hash-emails.js
classified_draftjobwanted_hm,phone_number,unique-phone.js
classified_draftjobwanted_ho,email,hash-emails.js
classified_draftjobwanted_ho,phone_number,unique-phone.js
classified_draftjobwanted_hr,email,hash-emails.js
classified_draftjobwanted_hr,phone_number,unique-phone.js
classified_draftjobwanted_in,email,hash-emails.js
classified_draftjobwanted_in,phone_number,unique-phone.js
classified_draftjobwanted_it,email,hash-emails.js
classified_draftjobwanted_it,phone_number,unique-phone.js
classified_draftjobwanted_ld,email,hash-emails.js
classified_draftjobwanted_ld,phone_number,unique-phone.js
classified_draftjobwanted_ls,email,hash-emails.js
classified_draftjobwanted_ls,phone_number,unique-phone.js
classified_draftjobwanted_ma,email,hash-emails.js
classified_draftjobwanted_ma,phone_number,unique-phone.js
classified_draftjobwanted_mc,email,hash-emails.js
classified_draftjobwanted_mc,phone_number,unique-phone.js
classified_draftjobwanted_md,email,hash-emails.js
classified_draftjobwanted_md,phone_number,unique-phone.js
classified_draftjobwanted_me,email,hash-emails.js
classified_draftjobwanted_me,phone_number,unique-phone.js
classified_draftjobwanted_mf,email,hash-emails.js
classified_draftjobwanted_mf,phone_number,unique-phone.js
classified_draftjobwanted_og,email,hash-emails.js
classified_draftjobwanted_og,phone_number,unique-phone.js
classified_draftjobwanted_ot,email,hash-emails.js
classified_draftjobwanted_ot,phone_number,unique-phone.js
classified_draftjobwanted_re,email,hash-emails.js
classified_draftjobwanted_re,phone_number,unique-phone.js
classified_draftjobwanted_ro,email,hash-emails.js
classified_draftjobwanted_ro,phone_number,unique-phone.js
classified_draftjobwanted_rs,email,hash-emails.js
classified_draftjobwanted_rs,phone_number,unique-phone.js
classified_draftjobwanted_sa,email,hash-emails.js
classified_draftjobwanted_sa,phone_number,unique-phone.js
classified_draftjobwanted_se,email,hash-emails.js
classified_draftjobwanted_se,phone_number,unique-phone.js
classified_draftjobwanted_sf,email,hash-emails.js
classified_draftjobwanted_sf,phone_number,unique-phone.js
classified_draftjobwanted_sg,email,hash-emails.js
classified_draftjobwanted_sg,phone_number,unique-phone.js
classified_draftjobwanted_tl,email,hash-emails.js
classified_draftjobwanted_tl,phone_number,unique-phone.js
classified_job_aa,email,hash-emails.js
classified_job_aa,phone_number,unique-phone.js
classified_job_aa,company_name,generate-business-name.js
classified_job_ac,email,hash-emails.js
classified_job_ac,phone_number,unique-phone.js
classified_job_ac,company_name,generate-business-name.js
classified_job_ad,email,hash-emails.js
classified_job_ad,phone_number,unique-phone.js
classified_job_ad,company_name,generate-business-name.js
classified_job_ar,email,hash-emails.js
classified_job_ar,phone_number,unique-phone.js
classified_job_ar,company_name,generate-business-name.js
classified_job_at,email,hash-emails.js
classified_job_at,phone_number,unique-phone.js
classified_job_at,company_name,generate-business-name.js
classified_job_au,email,hash-emails.js
classified_job_au,phone_number,unique-phone.js
classified_job_au,company_name,generate-business-name.js
classified_job_ba,email,hash-emails.js
classified_job_ba,phone_number,unique-phone.js
classified_job_ba,company_name,generate-business-name.js
classified_job_bd,email,hash-emails.js
classified_job_bd,phone_number,unique-phone.js
classified_job_bd,company_name,generate-business-name.js
classified_job_be,email,hash-emails.js
classified_job_be,phone_number,unique-phone.js
classified_job_be,company_name,generate-business-name.js
classified_job_bs,email,hash-emails.js
classified_job_bs,phone_number,unique-phone.js
classified_job_bs,company_name,generate-business-name.js
classified_job_ch,email,hash-emails.js
classified_job_ch,phone_number,unique-phone.js
classified_job_ch,company_name,generate-business-name.js
classified_job_ck,email,hash-emails.js
classified_job_ck,phone_number,unique-phone.js
classified_job_ck,company_name,generate-business-name.js
classified_job_cn,email,hash-emails.js
classified_job_cn,phone_number,unique-phone.js
classified_job_cn,company_name,generate-business-name.js
classified_job_co,email,hash-emails.js
classified_job_co,phone_number,unique-phone.js
classified_job_co,company_name,generate-business-name.js
classified_job_cs,email,hash-emails.js
classified_job_cs,phone_number,unique-phone.js
classified_job_cs,company_name,generate-business-name.js
classified_job_cw,email,hash-emails.js
classified_job_cw,phone_number,unique-phone.js
classified_job_cw,company_name,generate-business-name.js
classified_job_da,email,hash-emails.js
classified_job_da,phone_number,unique-phone.js
classified_job_da,company_name,generate-business-name.js
classified_job_de,email,hash-emails.js
classified_job_de,phone_number,unique-phone.js
classified_job_de,company_name,generate-business-name.js
classified_job_dl,email,hash-emails.js
classified_job_dl,phone_number,unique-phone.js
classified_job_dl,company_name,generate-business-name.js
classified_job_ed,email,hash-emails.js
classified_job_ed,phone_number,unique-phone.js
classified_job_ed,company_name,generate-business-name.js
classified_job_en,email,hash-emails.js
classified_job_en,phone_number,unique-phone.js
classified_job_en,company_name,generate-business-name.js
classified_job_eo,email,hash-emails.js
classified_job_eo,phone_number,unique-phone.js
classified_job_eo,company_name,generate-business-name.js
classified_job_es,email,hash-emails.js
classified_job_es,phone_number,unique-phone.js
classified_job_es,company_name,generate-business-name.js
classified_job_ex,email,hash-emails.js
classified_job_ex,phone_number,unique-phone.js
classified_job_ex,company_name,generate-business-name.js
classified_job_fa,email,hash-emails.js
classified_job_fa,phone_number,unique-phone.js
classified_job_fa,company_name,generate-business-name.js
classified_job_fb,email,hash-emails.js
classified_job_fb,phone_number,unique-phone.js
classified_job_fb,company_name,generate-business-name.js
classified_job_ga,email,hash-emails.js
classified_job_ga,phone_number,unique-phone.js
classified_job_ga,company_name,generate-business-name.js
classified_job_gd,email,hash-emails.js
classified_job_gd,phone_number,unique-phone.js
classified_job_gd,company_name,generate-business-name.js
classified_job_hm,email,hash-emails.js
classified_job_hm,phone_number,unique-phone.js
classified_job_hm,company_name,generate-business-name.js
classified_job_ho,email,hash-emails.js
classified_job_ho,phone_number,unique-phone.js
classified_job_ho,company_name,generate-business-name.js
classified_job_hr,email,hash-emails.js
classified_job_hr,phone_number,unique-phone.js
classified_job_hr,company_name,generate-business-name.js
classified_job_ic,email,hash-emails.js
classified_job_ic,phone_number,unique-phone.js
classified_job_ic,company_name,generate-business-name.js
classified_job_ie,email,hash-emails.js
classified_job_ie,phone_number,unique-phone.js
classified_job_ie,company_name,generate-business-name.js
classified_job_im,email,hash-emails.js
classified_job_im,phone_number,unique-phone.js
classified_job_im,company_name,generate-business-name.js
classified_job_in,email,hash-emails.js
classified_job_in,phone_number,unique-phone.js
classified_job_in,company_name,generate-business-name.js
classified_job_it,email,hash-emails.js
classified_job_it,phone_number,unique-phone.js
classified_job_it,company_name,generate-business-name.js
classified_job_ld,email,hash-emails.js
classified_job_ld,phone_number,unique-phone.js
classified_job_ld,company_name,generate-business-name.js
classified_job_le,email,hash-emails.js
classified_job_le,phone_number,unique-phone.js
classified_job_le,company_name,generate-business-name.js
classified_job_ma,email,hash-emails.js
classified_job_ma,phone_number,unique-phone.js
classified_job_ma,company_name,generate-business-name.js
classified_job_mc,email,hash-emails.js
classified_job_mc,phone_number,unique-phone.js
classified_job_mc,company_name,generate-business-name.js
classified_job_md,email,hash-emails.js
classified_job_md,phone_number,unique-phone.js
classified_job_md,company_name,generate-business-name.js
classified_job_me,email,hash-emails.js
classified_job_me,phone_number,unique-phone.js
classified_job_me,company_name,generate-business-name.js
classified_job_og,email,hash-emails.js
classified_job_og,phone_number,unique-phone.js
classified_job_og,company_name,generate-business-name.js
classified_job_om,email,hash-emails.js
classified_job_om,phone_number,unique-phone.js
classified_job_om,company_name,generate-business-name.js
classified_job_os,email,hash-emails.js
classified_job_os,phone_number,unique-phone.js
classified_job_os,company_name,generate-business-name.js
classified_job_ot,email,hash-emails.js
classified_job_ot,phone_number,unique-phone.js
classified_job_ot,company_name,generate-business-name.js
classified_job_ph,email,hash-emails.js
classified_job_ph,phone_number,unique-phone.js
classified_job_ph,company_name,generate-business-name.js
classified_job_pr,email,hash-emails.js
classified_job_pr,phone_number,unique-phone.js
classified_job_pr,company_name,generate-business-name.js
classified_job_ra,email,hash-emails.js
classified_job_ra,phone_number,unique-phone.js
classified_job_ra,company_name,generate-business-name.js
classified_job_rd,email,hash-emails.js
classified_job_rd,phone_number,unique-phone.js
classified_job_rd,company_name,generate-business-name.js
classified_job_re,email,hash-emails.js
classified_job_re,phone_number,unique-phone.js
classified_job_re,company_name,generate-business-name.js
classified_job_sa,email,hash-emails.js
classified_job_sa,phone_number,unique-phone.js
classified_job_sa,company_name,generate-business-name.js
classified_job_sd,email,hash-emails.js
classified_job_sd,phone_number,unique-phone.js
classified_job_sd,company_name,generate-business-name.js
classified_job_se,email,hash-emails.js
classified_job_se,phone_number,unique-phone.js
classified_job_se,company_name,generate-business-name.js
classified_job_sf,email,hash-emails.js
classified_job_sf,phone_number,unique-phone.js
classified_job_sf,company_name,generate-business-name.js
classified_job_ss,email,hash-emails.js
classified_job_ss,phone_number,unique-phone.js
classified_job_ss,company_name,generate-business-name.js
classified_job_te,email,hash-emails.js
classified_job_te,phone_number,unique-phone.js
classified_job_te,company_name,generate-business-name.js
classified_job_to,email,hash-emails.js
classified_job_to,phone_number,unique-phone.js
classified_job_to,company_name,generate-business-name.js
classified_job_tr,email,hash-emails.js
classified_job_tr,phone_number,unique-phone.js
classified_job_tr,company_name,generate-business-name.js
classified_job_ve,email,hash-emails.js
classified_job_ve,phone_number,unique-phone.js
classified_job_ve,company_name,generate-business-name.js
classified_job_wa,email,hash-emails.js
classified_job_wa,phone_number,unique-phone.js
classified_job_wa,company_name,generate-business-name.js
classified_job_wh,email,hash-emails.js
classified_job_wh,phone_number,unique-phone.js
classified_job_wh,company_name,generate-business-name.js
classified_jobwanted_ac,email,hash-emails.js
classified_jobwanted_ac,phone_number,unique-phone.js
classified_jobwanted_ad,email,hash-emails.js
classified_jobwanted_ad,phone_number,unique-phone.js
classified_jobwanted_ar,email,hash-emails.js
classified_jobwanted_ar,phone_number,unique-phone.js
classified_jobwanted_au,email,hash-emails.js
classified_jobwanted_au,phone_number,unique-phone.js
classified_jobwanted_ba,email,hash-emails.js
classified_jobwanted_ba,phone_number,unique-phone.js
classified_jobwanted_bd,email,hash-emails.js
classified_jobwanted_bd,phone_number,unique-phone.js
classified_jobwanted_bg,email,hash-emails.js
classified_jobwanted_bg,phone_number,unique-phone.js
classified_jobwanted_ch,email,hash-emails.js
classified_jobwanted_ch,phone_number,unique-phone.js
classified_jobwanted_ck,email,hash-emails.js
classified_jobwanted_ck,phone_number,unique-phone.js
classified_jobwanted_cn,email,hash-emails.js
classified_jobwanted_cn,phone_number,unique-phone.js
classified_jobwanted_co,email,hash-emails.js
classified_jobwanted_co,phone_number,unique-phone.js
classified_jobwanted_cw,email,hash-emails.js
classified_jobwanted_cw,phone_number,unique-phone.js
classified_jobwanted_de,email,hash-emails.js
classified_jobwanted_de,phone_number,unique-phone.js
classified_jobwanted_dr,email,hash-emails.js
classified_jobwanted_dr,phone_number,unique-phone.js
classified_jobwanted_dy,email,hash-emails.js
classified_jobwanted_dy,phone_number,unique-phone.js
classified_jobwanted_ed,email,hash-emails.js
classified_jobwanted_ed,phone_number,unique-phone.js
classified_jobwanted_em,email,hash-emails.js
classified_jobwanted_em,phone_number,unique-phone.js
classified_jobwanted_en,email,hash-emails.js
classified_jobwanted_en,phone_number,unique-phone.js
classified_jobwanted_ex,email,hash-emails.js
classified_jobwanted_ex,phone_number,unique-phone.js
classified_jobwanted_hm,email,hash-emails.js
classified_jobwanted_hm,phone_number,unique-phone.js
classified_jobwanted_ho,email,hash-emails.js
classified_jobwanted_ho,phone_number,unique-phone.js
classified_jobwanted_hr,email,hash-emails.js
classified_jobwanted_hr,phone_number,unique-phone.js
classified_jobwanted_in,email,hash-emails.js
classified_jobwanted_in,phone_number,unique-phone.js
classified_jobwanted_it,email,hash-emails.js
classified_jobwanted_it,phone_number,unique-phone.js
classified_jobwanted_ld,email,hash-emails.js
classified_jobwanted_ld,phone_number,unique-phone.js
classified_jobwanted_ls,email,hash-emails.js
classified_jobwanted_ls,phone_number,unique-phone.js
classified_jobwanted_ma,email,hash-emails.js
classified_jobwanted_ma,phone_number,unique-phone.js
classified_jobwanted_mc,email,hash-emails.js
classified_jobwanted_mc,phone_number,unique-phone.js
classified_jobwanted_md,email,hash-emails.js
classified_jobwanted_md,phone_number,unique-phone.js
classified_jobwanted_me,email,hash-emails.js
classified_jobwanted_me,phone_number,unique-phone.js
classified_jobwanted_mf,email,hash-emails.js
classified_jobwanted_mf,phone_number,unique-phone.js
classified_jobwanted_og,email,hash-emails.js
classified_jobwanted_og,phone_number,unique-phone.js
classified_jobwanted_ot,email,hash-emails.js
classified_jobwanted_ot,phone_number,unique-phone.js
classified_jobwanted_re,email,hash-emails.js
classified_jobwanted_re,phone_number,unique-phone.js
classified_jobwanted_ro,email,hash-emails.js
classified_jobwanted_ro,phone_number,unique-phone.js
classified_jobwanted_rs,email,hash-emails.js
classified_jobwanted_rs,phone_number,unique-phone.js
classified_jobwanted_sa,email,hash-emails.js
classified_jobwanted_sa,phone_number,unique-phone.js
classified_jobwanted_se,email,hash-emails.js
classified_jobwanted_se,phone_number,unique-phone.js
classified_jobwanted_sf,email,hash-emails.js
classified_jobwanted_sf,phone_number,unique-phone.js
classified_jobwanted_sg,email,hash-emails.js
classified_jobwanted_sg,phone_number,unique-phone.js
classified_jobwanted_tl,email,hash-emails.js
classified_jobwanted_tl,phone_number,unique-phone.js
classified_propertyforrent_co,json_data,json-transformer.js
classified_propertyforrent_co,email,hash-emails.js
classified_propertyforrent_co,rera_lister_name,first-name.js
classified_propertyforrent_co,phone_number,unique-phone.js
classified_propertyforrent_co,rera_lister_name,first-name.js
classified_propertyforrent_dy,json_data,json-transformer.js
classified_propertyforrent_dy,email,hash-emails.js
classified_propertyforrent_dy,rera_lister_name,first-name.js
classified_propertyforrent_dy,phone_number,unique-phone.js
classified_propertyforrent_dy,rera_lister_name,first-name.js
classified_propertyforrent_fr,json_data,json-transformer.js
classified_propertyforrent_fr,email,hash-emails.js
classified_propertyforrent_fr,rera_lister_name,first-name.js
classified_propertyforrent_fr,phone_number,unique-phone.js
classified_propertyforrent_fr,rera_lister_name,first-name.js
classified_propertyforrent_lr,json_data,json-transformer.js
classified_propertyforrent_lr,email,hash-emails.js
classified_propertyforrent_lr,name_en,first-name.js
classified_propertyforrent_lr,phone_number,unique-phone.js
classified_propertyforrent_rs,json_data,json-transformer.js
classified_propertyforrent_rs,email,hash-emails.js
classified_propertyforrent_rs,rera_lister_name,first-name.js
classified_propertyforrent_rs,phone_number,unique-phone.js
classified_propertyforrent_rs,rera_lister_name,first-name.js
classified_propertyforrent_rw,json_data,json-transformer.js
classified_propertyforrent_rw,email,hash-emails.js
classified_propertyforrent_rw,rera_lister_name,first-name.js
classified_propertyforrent_rw,phone_number,unique-phone.js
classified_propertyforrent_rw,rera_lister_name,first-name.js
classified_propertyforrent_st,json_data,json-transformer.js
classified_propertyforrent_st,email,hash-emails.js
classified_propertyforrent_st,rera_lister_name,first-name.js
classified_propertyforrent_st,phone_number,unique-phone.js
classified_propertyforrent_st,rera_lister_name,first-name.js
classified_propertyforsale_bu,json_data,json-transformer.js
classified_propertyforsale_bu,email,hash-emails.js
classified_propertyforsale_bu,rera_lister_name,first-name.js
classified_propertyforsale_bu,phone_number,unique-phone.js
classified_propertyforsale_bu,rera_lister_name,first-name.js
classified_propertyforsale_co,json_data,json-transformer.js
classified_propertyforsale_co,email,hash-emails.js
classified_propertyforsale_co,rera_lister_name,first-name.js
classified_propertyforsale_co,phone_number,unique-phone.js
classified_propertyforsale_co,rera_lister_name,first-name.js
classified_propertyforsale_la,json_data,json-transformer.js
classified_propertyforsale_la,email,hash-emails.js
classified_propertyforsale_la,rera_lister_name,first-name.js
classified_propertyforsale_la,phone_number,unique-phone.js
classified_propertyforsale_la,rera_lister_name,first-name.js
classified_propertyforsale_rs,json_data,json-transformer.js
classified_propertyforsale_rs,email,hash-emails.js
classified_propertyforsale_rs,rera_lister_name,first-name.js
classified_propertyforsale_rs,phone_number,unique-phone.js
classified_propertyforsale_rs,rera_lister_name,first-name.js
classified_realestateagent,name,first-name.js
classified_realestateagent,Email,hash-emails.js
classified_realestateagent,override_email,hash-emails.js
classified_sellitformeinquiry,phone_number,unique-phone.js
dbzproperty_shorttermdtcmauthorization,dtcm_permit_number,static-string.js
dbzproperty_shorttermdtcmauthorization,dtcm_document,static-string.js
dbzproperty_shorttermdtcmauthorization,comments,static-string.js
feeds_propertyfeed,phone_number,unique-phone.js
main_comment,comment,generate-rand-string.js
main_motorslead,full_name,first-name.js
main_motorslead,email,hash-emails.js
main_motorslead,phone,unique-phone.js
main_realestateagent,name,first-name.js
main_realestateagent,email,hash-emails.js
motors_buyerconciergeorder,phone_number,unique-phone.js
motors_carfinancinginquiry,name,first-name.js
motors_carfinancinginquiry,email,hash-emails.js
motors_carfinancinginquiry,mobile,unique-phone.js
motors_carfinancinginquiry,company_name,generate-business-name.js
motors_motorsretaillead,full_name,first-name.js
motors_motorsretaillead,email,hash-emails.js
motors_motorsretaillead,phone_number,unique-phone.js
paa_draftlisting,form_data,json-transformer.js
rera_reraauth,broker_mobile,unique-phone.js
rera_reraauth,photo,static-image-transformer.js
rera_reraauth,visa_doc,static-string.js
rera_reraauth,company_tel_num,unique-phone.js
spam_restrictedemail,email_add,hash-emails.js
user_autoagent,name_en,first-name.js
user_autoagent,name_ar,first-name.js
user_autoagent,email,hash-emails.js
user_autoagent,cc_email,hash-emails.js
user_autoagent,override_email,hash-emails.js
user_autoagent,contract_name,generate-rand-string.js
user_autoagent,contact_name,generate-rand-string.js
user_autoagent,contact_number,unique-phone.js
user_autoagent,offline_contract_id,generate-rand-string.js
user_employer,name_en,first-name.js
user_employer,email,hash-emails.js
user_employer,cc_email,hash-emails.js
user_employer,override_email,hash-emails.js
user_employer,logo,static-image-transformer.js
user_employer,cover_photo,static-image-transformer.js
user_jobprofile,cover_letter,static-cover-letter.js
user_jobprofile,cv,return-pdf.js
user_realestateagent,email,hash-emails.js
user_realestateagent,cc_email,hash-emails.js
user_realestateagent,override_email,hash-emails.js
user_rentalautoagent,name_en,first-name.js
user_rentalautoagent,name_ar,first-name.js
user_rentalautoagent,email,hash-emails.js
user_rentalautoagent,cc_email,hash-emails.js
user_rentalautoagent,override_email,hash-emails.js
user_rentalautoagent,contract_name,generate-rand-string.js
user_rentalautoagent,contact_name,generate-rand-string.js
user_rentalautoagent,contact_number,unique-phone.js
user_rentalautoagent,offline_contract_id,generate-rand-string.js
user_rera_realestateagent,name,first-name.js
user_rera_realestateagent,phone,unique-phone.js
user_rera_realestateagent,mobile,unique-phone.js
user_rera_realestateagent,fax,unique-phone.js
user_salesrepresentative,name,first-name.js
user_salesrepresentative,mobile,unique-phone.js
user_salesrepresentative,email,hash-emails.js
user_salesrepresentative,signature,return-null.js
user_salesrepresentative,photo,static-image-transformer.js
user_salesrepresentative,cc_emails,hash-emails.js
user_userprofile,api_access_token_key,return-null.js
user_userprofile,api_access_token_secret,return-null.js
user_userprofile,google_id,return-null.js
user_userprofile,apple_id,return-null.js
xifm_cashitformeinquiry,phone_number,unique-phone.js